{
  "maintainability": {
    "precision": 0.6,
    "recall": 0.42857142857142855,
    "f1-score": 0.5,
    "support": 14,
    "confused_with": {
      "usability": 2,
      "nlu_fallback": 2
    }
  },
  "availability": {
    "precision": 0.7647058823529411,
    "recall": 0.7647058823529411,
    "f1-score": 0.7647058823529412,
    "support": 17,
    "confused_with": {
      "nlu_fallback": 2,
      "maintainability": 2
    }
  },
  "security": {
    "precision": 0.65,
    "recall": 0.8666666666666667,
    "f1-score": 0.7428571428571429,
    "support": 15,
    "confused_with": {
      "performance": 1,
      "fault_tolerance": 1
    }
  },
  "usability": {
    "precision": 0.75,
    "recall": 0.4,
    "f1-score": 0.5217391304347827,
    "support": 15,
    "confused_with": {
      "security": 5,
      "scalability": 2
    }
  },
  "performance": {
    "precision": 0.6,
    "recall": 0.6,
    "f1-score": 0.6,
    "support": 15,
    "confused_with": {
      "fault_tolerance": 2,
      "scalability": 1
    }
  },
  "fault_tolerance": {
    "precision": 0.6,
    "recall": 0.6428571428571429,
    "f1-score": 0.6206896551724138,
    "support": 14,
    "confused_with": {
      "performance": 2,
      "availability": 2
    }
  },
  "scalability": {
    "precision": 0.7857142857142857,
    "recall": 0.6875,
    "f1-score": 0.7333333333333334,
    "support": 16,
    "confused_with": {
      "security": 1,
      "performance": 1
    }
  },
  "micro avg": {
    "precision": 0.6767676767676768,
    "recall": 0.6320754716981132,
    "f1-score": 0.653658536585366,
    "support": 106
  },
  "macro avg": {
    "precision": 0.6786314525810324,
    "recall": 0.6271858743497398,
    "f1-score": 0.6404750205929448,
    "support": 106
  },
  "weighted avg": {
    "precision": 0.6827493261455525,
    "recall": 0.6320754716981132,
    "f1-score": 0.6452069113691133,
    "support": 106
  }
}