{
  "availability": {
    "precision": 0.8235294117647058,
    "recall": 0.8235294117647058,
    "f1-score": 0.8235294117647058,
    "support": 17,
    "confused_with": {
      "maintainability": 2,
      "scalability": 1
    }
  },
  "fault_tolerance": {
    "precision": 0.6666666666666666,
    "recall": 0.7142857142857143,
    "f1-score": 0.689655172413793,
    "support": 14,
    "confused_with": {
      "availability": 2,
      "security": 1
    }
  },
  "security": {
    "precision": 0.75,
    "recall": 0.8,
    "f1-score": 0.7741935483870969,
    "support": 15,
    "confused_with": {
      "performance": 1,
      "nlu_fallback": 1
    }
  },
  "maintainability": {
    "precision": 0.6666666666666666,
    "recall": 0.5714285714285714,
    "f1-score": 0.6153846153846153,
    "support": 14,
    "confused_with": {
      "usability": 2,
      "fault_tolerance": 2
    }
  },
  "scalability": {
    "precision": 0.7058823529411765,
    "recall": 0.75,
    "f1-score": 0.7272727272727272,
    "support": 16,
    "confused_with": {
      "usability": 1,
      "security": 1
    }
  },
  "performance": {
    "precision": 0.75,
    "recall": 0.6,
    "f1-score": 0.6666666666666665,
    "support": 15,
    "confused_with": {
      "scalability": 2,
      "usability": 1
    }
  },
  "usability": {
    "precision": 0.6363636363636364,
    "recall": 0.4666666666666667,
    "f1-score": 0.5384615384615385,
    "support": 15,
    "confused_with": {
      "nlu_fallback": 3,
      "security": 2
    }
  },
  "micro avg": {
    "precision": 0.72,
    "recall": 0.6792452830188679,
    "f1-score": 0.6990291262135921,
    "support": 106
  },
  "macro avg": {
    "precision": 0.714158390628979,
    "recall": 0.6751300520208082,
    "f1-score": 0.6907376686215919,
    "support": 106
  },
  "weighted avg": {
    "precision": 0.7170399892375474,
    "recall": 0.6792452830188679,
    "f1-score": 0.6943089336629328,
    "support": 106
  }
}