{
  "usability": {
    "precision": 0.5384615384615384,
    "recall": 0.4666666666666667,
    "f1-score": 0.5,
    "support": 15,
    "confused_with": {
      "maintainability": 3,
      "nlu_fallback": 2
    }
  },
  "availability": {
    "precision": 0.7894736842105263,
    "recall": 0.8823529411764706,
    "f1-score": 0.8333333333333333,
    "support": 17,
    "confused_with": {
      "usability": 1,
      "scalability": 1
    }
  },
  "security": {
    "precision": 0.7058823529411765,
    "recall": 0.8,
    "f1-score": 0.7500000000000001,
    "support": 15,
    "confused_with": {
      "fault_tolerance": 3
    }
  },
  "maintainability": {
    "precision": 0.5555555555555556,
    "recall": 0.35714285714285715,
    "f1-score": 0.43478260869565216,
    "support": 14,
    "confused_with": {
      "usability": 3,
      "scalability": 2
    }
  },
  "scalability": {
    "precision": 0.6470588235294118,
    "recall": 0.6875,
    "f1-score": 0.6666666666666667,
    "support": 16,
    "confused_with": {
      "usability": 1,
      "security": 1
    }
  },
  "fault_tolerance": {
    "precision": 0.5333333333333333,
    "recall": 0.5714285714285714,
    "f1-score": 0.5517241379310344,
    "support": 14,
    "confused_with": {
      "security": 2,
      "availability": 2
    }
  },
  "performance": {
    "precision": 0.8333333333333334,
    "recall": 0.6666666666666666,
    "f1-score": 0.7407407407407408,
    "support": 15,
    "confused_with": {
      "scalability": 2,
      "fault_tolerance": 2
    }
  },
  "micro avg": {
    "precision": 0.6666666666666666,
    "recall": 0.6415094339622641,
    "f1-score": 0.6538461538461539,
    "support": 106
  },
  "macro avg": {
    "precision": 0.6575855173378393,
    "recall": 0.6331082432973191,
    "f1-score": 0.6396067839096325,
    "support": 106
  },
  "weighted avg": {
    "precision": 0.6621094021088181,
    "recall": 0.6415094339622641,
    "f1-score": 0.6462786688416798,
    "support": 106
  }
}